<?xml version="1.0" encoding="utf-8"?>
<strings>
  <string id="IDS_QUESTION_WHERES_THE_CD" value="Please insert the game CD, and hit retry." />
  <string id="IDS_ALERT" value="Alert" />
  <string id="IDS_QUESTION" value="Question" />
  <string id="IDS_QUESTION_QUIT_GAME" value="Do you really\n want to quit\n the game?" />
  <string id="IDS_INITIALIZING" value="Initializing" />
  <string id="IDS_OK" value="Ok" hotkey="O" />
  <string id="IDS_YES" value="Yes" hotkey="Y"/>
  <string id="IDS_CANCEL" value="Cancel" />
  <string id="IDS_NO" value="No" hotkey="N" />
</strings>